
insert into school (id, name, address) values (1, 'Alaska Bible College', 'Debs');
insert into classroom (id, id_school, class_name, class_year, id_form_tutor) values (1, 1, 'English', 2001, null);
insert into classroom (id, id_school, class_name, class_year, id_form_tutor) values (2, 1, 'Art', 2005, null);
insert into classroom (id, id_school, class_name, class_year, id_form_tutor) values (3, 1, 'IT', 2000, null);
insert into classroom (id, id_school, class_name, class_year, id_form_tutor) values (4, 1, 'Chemistry', 1999, null);
insert into classroom (id, id_school, class_name, class_year, id_form_tutor) values (5, 1, 'Art', 1994, null);
insert into classroom (id, id_school, class_name, class_year, id_form_tutor) values (6, 1, 'English', 1996, null);
insert into classroom (id, id_school, class_name, class_year, id_form_tutor) values (7, 1, 'Art', 1993, null);
insert into classroom (id, id_school, class_name, class_year, id_form_tutor) values (8, 1, 'Chemistry', 1992, null);
insert into classroom (id, id_school, class_name, class_year, id_form_tutor) values (9, 1, 'Italian', 1998, null);
insert into classroom (id, id_school, class_name, class_year, id_form_tutor) values (10, 1, 'IT', 2008, null);
insert into classroom (id, id_school, class_name, class_year, id_form_tutor) values (11, 1, 'English', 2008, null);
insert into classroom (id, id_school, class_name, class_year, id_form_tutor) values (12, 1, 'Mathematics', 2004, null);
insert into classroom (id, id_school, class_name, class_year, id_form_tutor) values (13, 1, 'Italian', 1998, null);
insert into classroom (id, id_school, class_name, class_year, id_form_tutor) values (14, 1, 'Italian', 2010, null);
insert into classroom (id, id_school, class_name, class_year, id_form_tutor) values (15, 1, 'Chemistry', 2003, null);
insert into classroom (id, id_school, class_name, class_year, id_form_tutor) values (16, 1, 'Mathematics', 2000, null);
insert into classroom (id, id_school, class_name, class_year, id_form_tutor) values (17, 1, 'IT', 2002, null);
insert into classroom (id, id_school, class_name, class_year, id_form_tutor) values (18, 1, 'Mathematics', 2005, null);
insert into classroom (id, id_school, class_name, class_year, id_form_tutor) values (19, 1, 'Italian', 2011, null);
insert into classroom (id, id_school, class_name, class_year, id_form_tutor) values (20, 1, 'Art', 2009, null);
insert into classroom (id, id_school, class_name, class_year, id_form_tutor) values (21, 1, 'IT', 1966, null);
insert into classroom (id, id_school, class_name, class_year, id_form_tutor) values (22, 1, 'Mathematics', 2000, null);
insert into classroom (id, id_school, class_name, class_year, id_form_tutor) values (23, 1, 'Italian', 2011, null);
insert into classroom (id, id_school, class_name, class_year, id_form_tutor) values (24, 1, 'Art', 2011, null);
insert into classroom (id, id_school, class_name, class_year, id_form_tutor) values (25, 1, 'IT', 2000, null);
insert into classroom (id, id_school, class_name, class_year, id_form_tutor) values (26, 1, 'English', 1990, null);
insert into classroom (id, id_school, class_name, class_year, id_form_tutor) values (27, 1, 'Chemistry', 1990, null);
insert into classroom (id, id_school, class_name, class_year, id_form_tutor) values (28, 1, 'Chemistry', 1993, null);
insert into classroom (id, id_school, class_name, class_year, id_form_tutor) values (29, 1, 'English', 2003, null);
insert into classroom (id, id_school, class_name, class_year, id_form_tutor) values (30, 1, 'English', 1984, null);
insert into classroom (id, id_school, class_name, class_year, id_form_tutor) values (31, 1, 'English', 2004, null);
insert into classroom (id, id_school, class_name, class_year, id_form_tutor) values (32, 1, 'Chemistry', 1999, null);
insert into classroom (id, id_school, class_name, class_year, id_form_tutor) values (33, 1, 'Italian', 2012, null);
insert into classroom (id, id_school, class_name, class_year, id_form_tutor) values (34, 1, 'Italian', 2006, null);
insert into classroom (id, id_school, class_name, class_year, id_form_tutor) values (35, 1, 'Chemistry', 2007, null);
insert into classroom (id, id_school, class_name, class_year, id_form_tutor) values (36, 1, 'Mathematics', 2007, null);
insert into classroom (id, id_school, class_name, class_year, id_form_tutor) values (37, 1, 'Russian', 2006, null);
insert into classroom (id, id_school, class_name, class_year, id_form_tutor) values (38, 1, 'Chemistry', 2003, null);
insert into classroom (id, id_school, class_name, class_year, id_form_tutor) values (39, 1, 'Chemistry', 1994, null);
insert into classroom (id, id_school, class_name, class_year, id_form_tutor) values (40, 1, 'English', 1999, null);
insert into classroom (id, id_school, class_name, class_year, id_form_tutor) values (41, 1, 'Mathematics', 2007, null);
insert into classroom (id, id_school, class_name, class_year, id_form_tutor) values (42, 1, 'Russian', 1996, null);
insert into classroom (id, id_school, class_name, class_year, id_form_tutor) values (43, 1, 'IT', 2006, null);
insert into classroom (id, id_school, class_name, class_year, id_form_tutor) values (44, 1, 'Mathematics', 2007, null);
insert into classroom (id, id_school, class_name, class_year, id_form_tutor) values (45, 1, 'IT', 2005, null);
insert into classroom (id, id_school, class_name, class_year, id_form_tutor) values (46, 1, 'English', 1998, null);
insert into classroom (id, id_school, class_name, class_year, id_form_tutor) values (47, 1, 'IT', 1998, null);
insert into classroom (id, id_school, class_name, class_year, id_form_tutor) values (48, 1, 'Chemistry', 1994, null);
insert into classroom (id, id_school, class_name, class_year, id_form_tutor) values (49, 1, 'Russian', 1993, null);
insert into classroom (id, id_school, class_name, class_year, id_form_tutor) values (50, 1, 'Chemistry', 2008, null);
insert into classroom (id, id_school, class_name, class_year, id_form_tutor) values (51, 1, 'Chemistry', 1987, null);
insert into classroom (id, id_school, class_name, class_year, id_form_tutor) values (52, 1, 'Chemistry', 2006, null);
insert into classroom (id, id_school, class_name, class_year, id_form_tutor) values (53, 1, 'Chemistry', 2007, null);
insert into classroom (id, id_school, class_name, class_year, id_form_tutor) values (54, 1, 'Mathematics', 1989, null);
insert into classroom (id, id_school, class_name, class_year, id_form_tutor) values (55, 1, 'Mathematics', 1992, null);
insert into classroom (id, id_school, class_name, class_year, id_form_tutor) values (56, 1, 'Russian', 2003, null);
insert into classroom (id, id_school, class_name, class_year, id_form_tutor) values (57, 1, 'English', 2010, null);
insert into classroom (id, id_school, class_name, class_year, id_form_tutor) values (58, 1, 'English', 2007, null);
insert into classroom (id, id_school, class_name, class_year, id_form_tutor) values (59, 1, 'Mathematics', 2009, null);
insert into classroom (id, id_school, class_name, class_year, id_form_tutor) values (60, 1, 'IT', 1999, null);
insert into classroom (id, id_school, class_name, class_year, id_form_tutor) values (61, 1, 'Russian', 2007, null);
insert into classroom (id, id_school, class_name, class_year, id_form_tutor) values (62, 1, 'Russian', 1988, null);
insert into classroom (id, id_school, class_name, class_year, id_form_tutor) values (63, 1, 'Art', 2006, null);
insert into classroom (id, id_school, class_name, class_year, id_form_tutor) values (64, 1, 'Art', 1989, null);
insert into classroom (id, id_school, class_name, class_year, id_form_tutor) values (65, 1, 'Russian', 1988, null);
insert into classroom (id, id_school, class_name, class_year, id_form_tutor) values (66, 1, 'IT', 1996, null);
insert into classroom (id, id_school, class_name, class_year, id_form_tutor) values (67, 1, 'Chemistry', 1994, null);
insert into classroom (id, id_school, class_name, class_year, id_form_tutor) values (68, 1, 'Mathematics', 2001, null);
insert into classroom (id, id_school, class_name, class_year, id_form_tutor) values (69, 1, 'IT', 1993, null);
insert into classroom (id, id_school, class_name, class_year, id_form_tutor) values (70, 1, 'English', 1997, null);
insert into classroom (id, id_school, class_name, class_year, id_form_tutor) values (71, 1, 'Mathematics', 1995, null);
insert into classroom (id, id_school, class_name, class_year, id_form_tutor) values (72, 1, 'Italian', 1991, null);
insert into classroom (id, id_school, class_name, class_year, id_form_tutor) values (73, 1, 'Italian', 1992, null);
insert into classroom (id, id_school, class_name, class_year, id_form_tutor) values (74, 1, 'Russian', 2010, null);
insert into classroom (id, id_school, class_name, class_year, id_form_tutor) values (75, 1, 'Italian', 2005, null);
insert into classroom (id, id_school, class_name, class_year, id_form_tutor) values (76, 1, 'Mathematics', 2010, null);
insert into classroom (id, id_school, class_name, class_year, id_form_tutor) values (77, 1, 'Italian', 2011, null);
insert into classroom (id, id_school, class_name, class_year, id_form_tutor) values (78, 1, 'Art', 2009, null);
insert into classroom (id, id_school, class_name, class_year, id_form_tutor) values (79, 1, 'Chemistry', 2006, null);
insert into classroom (id, id_school, class_name, class_year, id_form_tutor) values (80, 1, 'Art', 2007, null);
insert into classroom (id, id_school, class_name, class_year, id_form_tutor) values (81, 1, 'Italian', 1988, null);
insert into classroom (id, id_school, class_name, class_year, id_form_tutor) values (82, 1, 'Mathematics', 2006, null);
insert into classroom (id, id_school, class_name, class_year, id_form_tutor) values (83, 1, 'IT', 2009, null);
insert into classroom (id, id_school, class_name, class_year, id_form_tutor) values (84, 1, 'English', 2003, null);
insert into classroom (id, id_school, class_name, class_year, id_form_tutor) values (85, 1, 'Art', 2012, null);
insert into classroom (id, id_school, class_name, class_year, id_form_tutor) values (86, 1, 'Mathematics', 2005, null);
insert into classroom (id, id_school, class_name, class_year, id_form_tutor) values (87, 1, 'Art', 1986, null);
insert into classroom (id, id_school, class_name, class_year, id_form_tutor) values (88, 1, 'Mathematics', 1998, null);
insert into classroom (id, id_school, class_name, class_year, id_form_tutor) values (89, 1, 'Art', 1990, null);
insert into classroom (id, id_school, class_name, class_year, id_form_tutor) values (90, 1, 'Italian', 2005, null);
insert into classroom (id, id_school, class_name, class_year, id_form_tutor) values (91, 1, 'Italian', 1997, null);
insert into classroom (id, id_school, class_name, class_year, id_form_tutor) values (92, 1, 'Russian', 2007, null);
insert into classroom (id, id_school, class_name, class_year, id_form_tutor) values (93, 1, 'IT', 2000, null);
insert into classroom (id, id_school, class_name, class_year, id_form_tutor) values (94, 1, 'Chemistry', 1954, null);
insert into classroom (id, id_school, class_name, class_year, id_form_tutor) values (95, 1, 'IT', 1989, null);
insert into classroom (id, id_school, class_name, class_year, id_form_tutor) values (96, 1, 'Mathematics', 2000, null);
insert into classroom (id, id_school, class_name, class_year, id_form_tutor) values (97, 1, 'IT', 2008, null);
insert into classroom (id, id_school, class_name, class_year, id_form_tutor) values (98, 1, 'Italian', 1996, null);
insert into classroom (id, id_school, class_name, class_year, id_form_tutor) values (99, 1, 'English', 1995, null);
insert into classroom (id, id_school, class_name, class_year, id_form_tutor) values (100, 1, 'Chemistry', 2008, null);

insert into employee (id, first_name, last_name, position, id_class) values (1, 'Mén', 'Yegorchenkov', 'Academic Advisor', 43);
insert into employee (id, first_name, last_name, position, id_class) values (2, 'Zhì', 'Whaley', 'Academic Advisor', 38);
insert into employee (id, first_name, last_name, position, id_class) values (3, 'Maëlyss', 'Siebart', 'Teaching Professor', 30);
insert into employee (id, first_name, last_name, position, id_class) values (4, 'Naéva', 'Vane', 'Teaching Professor', 25);
insert into employee (id, first_name, last_name, position, id_class) values (5, 'Néhémie', 'Deares', 'Teaching Professor', 47);
insert into employee (id, first_name, last_name, position, id_class) values (6, 'Almérinda', 'Fedorski', 'Teaching Professor', 93);
insert into employee (id, first_name, last_name, position, id_class) values (7, 'Séverine', 'Greensite', 'Teaching Professor', 73);
insert into employee (id, first_name, last_name, position, id_class) values (8, 'Méline', 'Beeck', 'Academic Coach', 71);
insert into employee (id, first_name, last_name, position, id_class) values (9, 'Yénora', 'Butner', 'Teaching Professor', 91);
insert into employee (id, first_name, last_name, position, id_class) values (10, 'Faîtes', 'Mundwell', 'Academic Coach', 88);
insert into employee (id, first_name, last_name, position, id_class) values (11, 'Laurène', 'Haggis', 'Academic Coach', 39);
insert into employee (id, first_name, last_name, position, id_class) values (12, 'Märta', 'Weben', 'Postdoctoral Scholar', 15);
insert into employee (id, first_name, last_name, position, id_class) values (13, 'Eugénie', 'Dressel', 'Academic Coach', 71);
insert into employee (id, first_name, last_name, position, id_class) values (14, 'Yénora', 'Rouch', 'Teaching Professor', 17);
insert into employee (id, first_name, last_name, position, id_class) values (15, 'Gwenaëlle', 'MacKeague', 'Academic Coach', 99);
insert into employee (id, first_name, last_name, position, id_class) values (16, 'Marie-françoise', 'Tryhorn', 'Teaching Professor', 71);
insert into employee (id, first_name, last_name, position, id_class) values (17, 'Maïlis', 'Crickmore', 'Postdoctoral Scholar', 15);
insert into employee (id, first_name, last_name, position, id_class) values (18, 'Léonore', 'Severwright', 'Teaching Professor', 41);
insert into employee (id, first_name, last_name, position, id_class) values (19, 'Lài', 'Bakhrushkin', 'Academic Coach', 18);
insert into employee (id, first_name, last_name, position, id_class) values (20, 'Irène', 'Weeks', 'Teaching Professor', 1);
insert into employee (id, first_name, last_name, position, id_class) values (21, 'Zhì', 'Ochiltree', 'Postdoctoral Scholar', 10);
insert into employee (id, first_name, last_name, position, id_class) values (22, 'Åke', 'Cordey', 'Postdoctoral Scholar', 81);
insert into employee (id, first_name, last_name, position, id_class) values (23, 'Régine', 'Tremayne', 'Postdoctoral Scholar', 85);
insert into employee (id, first_name, last_name, position, id_class) values (24, 'Stéphanie', 'Kobiera', 'Postdoctoral Scholar', 40);
insert into employee (id, first_name, last_name, position, id_class) values (25, 'Wá', 'People', 'Academic Advisor', 58);
insert into employee (id, first_name, last_name, position, id_class) values (26, 'Gisèle', 'Hacun', 'Postdoctoral Scholar', 39);
insert into employee (id, first_name, last_name, position, id_class) values (27, 'Vénus', 'Isaac', 'Academic Advisor', 38);
insert into employee (id, first_name, last_name, position, id_class) values (28, 'Célestine', 'Normandale', 'Academic Advisor', 37);
insert into employee (id, first_name, last_name, position, id_class) values (29, 'Hélène', 'Flowerden', 'Postdoctoral Scholar', 21);
insert into employee (id, first_name, last_name, position, id_class) values (30, 'Daphnée', 'Trenam', 'Postdoctoral Scholar', 81);

insert into plan (id, id_class) values (1, 1);
insert into plan (id, id_class) values (2, 2);
insert into plan (id, id_class) values (3, 3);
insert into plan (id, id_class) values (4, 4);
insert into plan (id, id_class) values (5, 5);
insert into plan (id, id_class) values (6, 6);
insert into plan (id, id_class) values (7, 7);
insert into plan (id, id_class) values (8, 8);
insert into plan (id, id_class) values (9, 9);
insert into plan (id, id_class) values (10, 10);
insert into plan (id, id_class) values (11, 11);
insert into plan (id, id_class) values (12, 12);
insert into plan (id, id_class) values (13, 13);
insert into plan (id, id_class) values (14, 14);
insert into plan (id, id_class) values (15, 15);
insert into plan (id, id_class) values (16, 16);
insert into plan (id, id_class) values (17, 17);
insert into plan (id, id_class) values (18, 18);
insert into plan (id, id_class) values (19, 19);
insert into plan (id, id_class) values (20, 20);

insert into school_subject (id, subject_name, id_plan) values (1, 'Language Arts', 1);
insert into school_subject (id, subject_name, id_plan) values (2, 'Drama', 2);
insert into school_subject (id, subject_name, id_plan) values (3, 'Speech and Debate', 3);
insert into school_subject (id, subject_name, id_plan) values (4, 'Mathematics', 4);
insert into school_subject (id, subject_name, id_plan) values (5, 'Algebra', 5);
insert into school_subject (id, subject_name, id_plan) values (6, 'Ancient Civilizations', 6);
insert into school_subject (id, subject_name, id_plan) values (7, 'Science', 7);
insert into school_subject (id, subject_name, id_plan) values (8, 'Health', 8);
insert into school_subject (id, subject_name, id_plan) values (9, 'Handwriting', 9);
insert into school_subject (id, subject_name, id_plan) values (10, 'Physical Education', 10);
insert into school_subject (id, subject_name, id_plan) values (11, 'Art', 11);
insert into school_subject (id, subject_name, id_plan) values (12, 'Music', 12);

insert into grade (id, id_subject, grade) values (1, 4, 4);
insert into grade (id, id_subject, grade) values (2, 8, 1);
insert into grade (id, id_subject, grade) values (3, 7, 5);
insert into grade (id, id_subject, grade) values (4, 7, 5);
insert into grade (id, id_subject, grade) values (5, 2, 6);
insert into grade (id, id_subject, grade) values (6, 12, 5);
insert into grade (id, id_subject, grade) values (7, 4, 3);
insert into grade (id, id_subject, grade) values (8, 6, 6);
insert into grade (id, id_subject, grade) values (9, 10, 6);
insert into grade (id, id_subject, grade) values (10, 1, 2);
insert into grade (id, id_subject, grade) values (11, 10, 3);
insert into grade (id, id_subject, grade) values (12, 5, 3);
insert into grade (id, id_subject, grade) values (13, 6, 4);
insert into grade (id, id_subject, grade) values (14, 12, 4);
insert into grade (id, id_subject, grade) values (15, 6, 2);
insert into grade (id, id_subject, grade) values (16, 8, 1);
insert into grade (id, id_subject, grade) values (17, 6, 2);
insert into grade (id, id_subject, grade) values (18, 12, 1);
insert into grade (id, id_subject, grade) values (19, 7, 5);
insert into grade (id, id_subject, grade) values (20, 12, 3);
insert into grade (id, id_subject, grade) values (21, 4, 4);
insert into grade (id, id_subject, grade) values (22, 9, 5);
insert into grade (id, id_subject, grade) values (23, 11, 5);
insert into grade (id, id_subject, grade) values (24, 8, 3);
insert into grade (id, id_subject, grade) values (25, 5, 5);
insert into grade (id, id_subject, grade) values (26, 2, 6);
insert into grade (id, id_subject, grade) values (27, 3, 1);
insert into grade (id, id_subject, grade) values (28, 3, 4);
insert into grade (id, id_subject, grade) values (29, 10, 4);
insert into grade (id, id_subject, grade) values (30, 12, 4);
insert into grade (id, id_subject, grade) values (31, 9, 4);
insert into grade (id, id_subject, grade) values (32, 1, 2);
insert into grade (id, id_subject, grade) values (33, 7, 5);
insert into grade (id, id_subject, grade) values (34, 5, 6);
insert into grade (id, id_subject, grade) values (35, 7, 3);
insert into grade (id, id_subject, grade) values (36, 5, 3);
insert into grade (id, id_subject, grade) values (37, 5, 3);
insert into grade (id, id_subject, grade) values (38, 2, 6);
insert into grade (id, id_subject, grade) values (39, 10, 3);
insert into grade (id, id_subject, grade) values (40, 3, 6);
insert into grade (id, id_subject, grade) values (41, 6, 5);
insert into grade (id, id_subject, grade) values (42, 7, 2);
insert into grade (id, id_subject, grade) values (43, 5, 3);
insert into grade (id, id_subject, grade) values (44, 10, 2);
insert into grade (id, id_subject, grade) values (45, 9, 1);
insert into grade (id, id_subject, grade) values (46, 12, 4);
insert into grade (id, id_subject, grade) values (47, 8, 3);
insert into grade (id, id_subject, grade) values (48, 10, 1);
insert into grade (id, id_subject, grade) values (49, 4, 2);
insert into grade (id, id_subject, grade) values (50, 12, 3);
insert into grade (id, id_subject, grade) values (51, 1, 3);
insert into grade (id, id_subject, grade) values (52, 11, 5);
insert into grade (id, id_subject, grade) values (53, 11, 1);
insert into grade (id, id_subject, grade) values (54, 6, 5);
insert into grade (id, id_subject, grade) values (55, 6, 5);
insert into grade (id, id_subject, grade) values (56, 9, 6);
insert into grade (id, id_subject, grade) values (57, 6, 4);
insert into grade (id, id_subject, grade) values (58, 1, 5);
insert into grade (id, id_subject, grade) values (59, 3, 1);
insert into grade (id, id_subject, grade) values (60, 4, 3);
insert into grade (id, id_subject, grade) values (61, 6, 6);
insert into grade (id, id_subject, grade) values (62, 8, 5);
insert into grade (id, id_subject, grade) values (63, 12, 1);
insert into grade (id, id_subject, grade) values (64, 11, 3);
insert into grade (id, id_subject, grade) values (65, 2, 3);
insert into grade (id, id_subject, grade) values (66, 3, 4);
insert into grade (id, id_subject, grade) values (67, 2, 6);
insert into grade (id, id_subject, grade) values (68, 11, 6);
insert into grade (id, id_subject, grade) values (69, 8, 2);
insert into grade (id, id_subject, grade) values (70, 1, 2);
insert into grade (id, id_subject, grade) values (71, 5, 5);
insert into grade (id, id_subject, grade) values (72, 6, 5);
insert into grade (id, id_subject, grade) values (73, 6, 2);
insert into grade (id, id_subject, grade) values (74, 7, 1);
insert into grade (id, id_subject, grade) values (75, 10, 1);
insert into grade (id, id_subject, grade) values (76, 10, 3);
insert into grade (id, id_subject, grade) values (77, 12, 6);
insert into grade (id, id_subject, grade) values (78, 6, 6);
insert into grade (id, id_subject, grade) values (79, 6, 6);
insert into grade (id, id_subject, grade) values (80, 7, 6);
insert into grade (id, id_subject, grade) values (81, 9, 2);
insert into grade (id, id_subject, grade) values (82, 5, 2);
insert into grade (id, id_subject, grade) values (83, 6, 4);
insert into grade (id, id_subject, grade) values (84, 5, 6);
insert into grade (id, id_subject, grade) values (85, 9, 1);
insert into grade (id, id_subject, grade) values (86, 1, 1);
insert into grade (id, id_subject, grade) values (87, 5, 1);
insert into grade (id, id_subject, grade) values (88, 6, 6);
insert into grade (id, id_subject, grade) values (89, 4, 5);
insert into grade (id, id_subject, grade) values (90, 12, 3);
insert into grade (id, id_subject, grade) values (91, 8, 4);
insert into grade (id, id_subject, grade) values (92, 1, 5);
insert into grade (id, id_subject, grade) values (93, 2, 6);
insert into grade (id, id_subject, grade) values (94, 3, 3);
insert into grade (id, id_subject, grade) values (95, 5, 3);
insert into grade (id, id_subject, grade) values (96, 9, 3);
insert into grade (id, id_subject, grade) values (97, 11, 4);
insert into grade (id, id_subject, grade) values (98, 5, 3);
insert into grade (id, id_subject, grade) values (99, 3, 5);
insert into grade (id, id_subject, grade) values (100, 12, 6);


insert into student (id, id_class, first_name, last_name) values (1, 86, 'Louise', 'Gowthrop');
insert into student (id, id_class, first_name, last_name) values (2, 34, 'Cosme', 'St. Quentin');
insert into student (id, id_class, first_name, last_name) values (3, 92, 'Jephthah', 'Carncross');
insert into student (id, id_class, first_name, last_name) values (4, 76, 'Frederico', 'Goulstone');
insert into student (id, id_class, first_name, last_name) values (5, 25, 'Delmar', 'Giddins');
insert into student (id, id_class, first_name, last_name) values (6, 15, 'Antoni', 'De Moreno');
insert into student (id, id_class, first_name, last_name) values (7, 6, 'Dexter', 'Cokely');
insert into student (id, id_class, first_name, last_name) values (8, 3, 'Roddy', 'Pickburn');
insert into student (id, id_class, first_name, last_name) values (9, 20, 'Diego', 'Aimer');
insert into student (id, id_class, first_name, last_name) values (10, 86, 'Schuyler', 'Belcham');
insert into student (id, id_class, first_name, last_name) values (11, 95, 'Billi', 'Jentgens');
insert into student (id, id_class, first_name, last_name) values (12, 13, 'Mercie', 'Shirrell');
insert into student (id, id_class, first_name, last_name) values (13, 60, 'Chelsy', 'Shalloe');
insert into student (id, id_class, first_name, last_name) values (14, 45, 'Lulu', 'Hazelden');
insert into student (id, id_class, first_name, last_name) values (15, 61, 'La verne', 'Lillywhite');
insert into student (id, id_class, first_name, last_name) values (16, 45, 'Bear', 'Ernshaw');
insert into student (id, id_class, first_name, last_name) values (17, 96, 'Arnold', 'Laborde');
insert into student (id, id_class, first_name, last_name) values (18, 45, 'Sybilla', 'Gotfrey');
insert into student (id, id_class, first_name, last_name) values (19, 62, 'Rob', 'Leisk');
insert into student (id, id_class, first_name, last_name) values (20, 81, 'Dilan', 'MacElane');
insert into student (id, id_class, first_name, last_name) values (21, 47, 'Darbie', 'Drinkwater');
insert into student (id, id_class, first_name, last_name) values (22, 16, 'Peggie', 'Rockliffe');
insert into student (id, id_class, first_name, last_name) values (23, 31, 'Viki', 'MacGow');
insert into student (id, id_class, first_name, last_name) values (24, 5, 'Byran', 'McEachern');
insert into student (id, id_class, first_name, last_name) values (25, 42, 'Gardie', 'Dalbey');
insert into student (id, id_class, first_name, last_name) values (26, 69, 'Matilde', 'Hessel');
insert into student (id, id_class, first_name, last_name) values (27, 84, 'Neville', 'Libri');
insert into student (id, id_class, first_name, last_name) values (28, 23, 'Mariann', 'Finn');
insert into student (id, id_class, first_name, last_name) values (29, 93, 'Yale', 'Pannett');
insert into student (id, id_class, first_name, last_name) values (30, 36, 'Felizio', 'Roseaman');
insert into student (id, id_class, first_name, last_name) values (31, 88, 'Hamid', 'Steynor');
insert into student (id, id_class, first_name, last_name) values (32, 55, 'Brannon', 'Dietsche');
insert into student (id, id_class, first_name, last_name) values (33, 34, 'Mic', 'Vearncombe');
insert into student (id, id_class, first_name, last_name) values (34, 14, 'Wilbert', 'O''Hickee');
insert into student (id, id_class, first_name, last_name) values (35, 72, 'Em', 'Adshede');
insert into student (id, id_class, first_name, last_name) values (36, 76, 'Mariele', 'Braunlein');
insert into student (id, id_class, first_name, last_name) values (37, 58, 'Elonore', 'Hincks');
insert into student (id, id_class, first_name, last_name) values (38, 46, 'Jania', 'Van den Hof');
insert into student (id, id_class, first_name, last_name) values (39, 8, 'Kaylee', 'Duxbury');
insert into student (id, id_class, first_name, last_name) values (40, 58, 'Saraann', 'Millett');
insert into student (id, id_class, first_name, last_name) values (41, 81, 'Rosette', 'Livsey');
insert into student (id, id_class, first_name, last_name) values (42, 24, 'Jonah', 'Khosa');
insert into student (id, id_class, first_name, last_name) values (43, 7, 'Ambur', 'Camelli');
insert into student (id, id_class, first_name, last_name) values (44, 100, 'Linnie', 'Lannen');
insert into student (id, id_class, first_name, last_name) values (45, 45, 'Verina', 'Cremins');
insert into student (id, id_class, first_name, last_name) values (46, 67, 'Euell', 'Assel');
insert into student (id, id_class, first_name, last_name) values (47, 34, 'Davita', 'Oram');
insert into student (id, id_class, first_name, last_name) values (48, 79, 'Jason', 'Laidel');
insert into student (id, id_class, first_name, last_name) values (49, 33, 'Donny', 'Sawers');
insert into student (id, id_class, first_name, last_name) values (50, 53, 'Sarene', 'Cressy');
insert into student (id, id_class, first_name, last_name) values (51, 58, 'Shelley', 'Kennet');
insert into student (id, id_class, first_name, last_name) values (52, 62, 'Rachel', 'Larvin');
insert into student (id, id_class, first_name, last_name) values (53, 86, 'Virginie', 'Kamien');
insert into student (id, id_class, first_name, last_name) values (54, 57, 'Aurlie', 'Wadham');
insert into student (id, id_class, first_name, last_name) values (55, 96, 'Skippy', 'Lumsden');
insert into student (id, id_class, first_name, last_name) values (56, 82, 'Heddi', 'Guthrie');
insert into student (id, id_class, first_name, last_name) values (57, 34, 'Lexis', 'Mapp');
insert into student (id, id_class, first_name, last_name) values (58, 88, 'Emmalyn', 'Armes');
insert into student (id, id_class, first_name, last_name) values (59, 46, 'Tommy', 'Dahlen');
insert into student (id, id_class, first_name, last_name) values (60, 63, 'Sissy', 'Crunden');
insert into student (id, id_class, first_name, last_name) values (61, 100, 'Jarrett', 'Merrill');
insert into student (id, id_class, first_name, last_name) values (62, 38, 'Emma', 'Campagne');
insert into student (id, id_class, first_name, last_name) values (63, 87, 'Ed', 'Giovanazzi');
insert into student (id, id_class, first_name, last_name) values (64, 71, 'Ignace', 'Goodrick');
insert into student (id, id_class, first_name, last_name) values (65, 71, 'Arlyne', 'Gencke');
insert into student (id, id_class, first_name, last_name) values (66, 90, 'Charley', 'Dawdry');
insert into student (id, id_class, first_name, last_name) values (67, 38, 'Mavis', 'Bart');
insert into student (id, id_class, first_name, last_name) values (68, 56, 'Bayard', 'Itzcovichch');
insert into student (id, id_class, first_name, last_name) values (69, 64, 'Nonnah', 'Rodolf');
insert into student (id, id_class, first_name, last_name) values (70, 82, 'Irina', 'Lardier');
insert into student (id, id_class, first_name, last_name) values (71, 14, 'Hilary', 'Lethem');
insert into student (id, id_class, first_name, last_name) values (72, 22, 'Terri-jo', 'Raistrick');
insert into student (id, id_class, first_name, last_name) values (73, 44, 'Jamaal', 'Gammell');
insert into student (id, id_class, first_name, last_name) values (74, 29, 'Viola', 'Hartrick');
insert into student (id, id_class, first_name, last_name) values (75, 2, 'Jillene', 'Greenman');
insert into student (id, id_class, first_name, last_name) values (76, 4, 'Correna', 'Rountree');
insert into student (id, id_class, first_name, last_name) values (77, 64, 'Georgie', 'Algate');
insert into student (id, id_class, first_name, last_name) values (78, 38, 'Mendie', 'Gaylord');
insert into student (id, id_class, first_name, last_name) values (79, 55, 'Allie', 'Struttman');
insert into student (id, id_class, first_name, last_name) values (80, 46, 'Aretha', 'Bellany');
insert into student (id, id_class, first_name, last_name) values (81, 69, 'Raimondo', 'Diche');
insert into student (id, id_class, first_name, last_name) values (82, 73, 'Sarina', 'Lowne');
insert into student (id, id_class, first_name, last_name) values (83, 12, 'Lurette', 'Russan');
insert into student (id, id_class, first_name, last_name) values (84, 47, 'Garth', 'Whitehorn');
insert into student (id, id_class, first_name, last_name) values (85, 98, 'Neysa', 'Hallybone');
insert into student (id, id_class, first_name, last_name) values (86, 34, 'Durant', 'Aburrow');
insert into student (id, id_class, first_name, last_name) values (87, 8, 'Karlotte', 'Caney');
insert into student (id, id_class, first_name, last_name) values (88, 66, 'Doralyn', 'Juanico');
insert into student (id, id_class, first_name, last_name) values (89, 22, 'Simeon', 'Bome');
insert into student (id, id_class, first_name, last_name) values (90, 50, 'Winnifred', 'Llop');
insert into student (id, id_class, first_name, last_name) values (91, 10, 'Robinetta', 'Putt');
insert into student (id, id_class, first_name, last_name) values (92, 51, 'Lefty', 'Slowly');
insert into student (id, id_class, first_name, last_name) values (93, 91, 'Nelie', 'Golland');
insert into student (id, id_class, first_name, last_name) values (94, 4, 'Kaylyn', 'Halsall');
insert into student (id, id_class, first_name, last_name) values (95, 15, 'Viviene', 'Emmatt');
insert into student (id, id_class, first_name, last_name) values (96, 16, 'Rois', 'Wooderson');
insert into student (id, id_class, first_name, last_name) values (97, 32, 'Jenn', 'Stucksbury');
insert into student (id, id_class, first_name, last_name) values (98, 45, 'Merl', 'Gut');
insert into student (id, id_class, first_name, last_name) values (99, 50, 'Danyelle', 'Lindeman');
insert into student (id, id_class, first_name, last_name) values (100, 27, 'Currie', 'Rauprich');

insert into student_grade (id, id_student, id_grade) values (1, 66, 42);
insert into student_grade (id, id_student, id_grade) values (2, 38, 31);
insert into student_grade (id, id_student, id_grade) values (3, 13, 11);
insert into student_grade (id, id_student, id_grade) values (4, 4, 58);
insert into student_grade (id, id_student, id_grade) values (5, 16, 74);
insert into student_grade (id, id_student, id_grade) values (6, 46, 52);
insert into student_grade (id, id_student, id_grade) values (7, 11, 25);
insert into student_grade (id, id_student, id_grade) values (8, 42, 72);
insert into student_grade (id, id_student, id_grade) values (9, 47, 47);
insert into student_grade (id, id_student, id_grade) values (10, 41, 44);
insert into student_grade (id, id_student, id_grade) values (11, 14, 37);
insert into student_grade (id, id_student, id_grade) values (12, 50, 24);
insert into student_grade (id, id_student, id_grade) values (13, 7, 45);
insert into student_grade (id, id_student, id_grade) values (14, 76, 32);
insert into student_grade (id, id_student, id_grade) values (15, 79, 48);
insert into student_grade (id, id_student, id_grade) values (16, 21, 65);
insert into student_grade (id, id_student, id_grade) values (17, 8, 33);
insert into student_grade (id, id_student, id_grade) values (18, 95, 4);
insert into student_grade (id, id_student, id_grade) values (19, 64, 18);
insert into student_grade (id, id_student, id_grade) values (20, 94, 95);
insert into student_grade (id, id_student, id_grade) values (21, 72, 85);
insert into student_grade (id, id_student, id_grade) values (22, 1, 56);
insert into student_grade (id, id_student, id_grade) values (23, 10, 22);
insert into student_grade (id, id_student, id_grade) values (24, 3, 46);
insert into student_grade (id, id_student, id_grade) values (25, 9, 41);
insert into student_grade (id, id_student, id_grade) values (26, 7, 40);
insert into student_grade (id, id_student, id_grade) values (27, 62, 31);
insert into student_grade (id, id_student, id_grade) values (28, 14, 60);
insert into student_grade (id, id_student, id_grade) values (29, 19, 52);
insert into student_grade (id, id_student, id_grade) values (30, 80, 10);
insert into student_grade (id, id_student, id_grade) values (31, 47, 60);
insert into student_grade (id, id_student, id_grade) values (32, 38, 20);
insert into student_grade (id, id_student, id_grade) values (33, 43, 84);
insert into student_grade (id, id_student, id_grade) values (34, 54, 94);
insert into student_grade (id, id_student, id_grade) values (35, 62, 95);
insert into student_grade (id, id_student, id_grade) values (36, 8, 20);
insert into student_grade (id, id_student, id_grade) values (37, 24, 56);
insert into student_grade (id, id_student, id_grade) values (38, 29, 89);
insert into student_grade (id, id_student, id_grade) values (39, 81, 87);
insert into student_grade (id, id_student, id_grade) values (40, 6, 20);
insert into student_grade (id, id_student, id_grade) values (41, 25, 42);
insert into student_grade (id, id_student, id_grade) values (42, 64, 10);
insert into student_grade (id, id_student, id_grade) values (43, 14, 96);
insert into student_grade (id, id_student, id_grade) values (44, 63, 32);
insert into student_grade (id, id_student, id_grade) values (45, 12, 97);
insert into student_grade (id, id_student, id_grade) values (46, 81, 85);
insert into student_grade (id, id_student, id_grade) values (47, 52, 12);
insert into student_grade (id, id_student, id_grade) values (48, 87, 11);
insert into student_grade (id, id_student, id_grade) values (49, 81, 5);
insert into student_grade (id, id_student, id_grade) values (50, 58, 57);
insert into student_grade (id, id_student, id_grade) values (51, 85, 13);
insert into student_grade (id, id_student, id_grade) values (52, 37, 44);
insert into student_grade (id, id_student, id_grade) values (53, 65, 42);
insert into student_grade (id, id_student, id_grade) values (54, 97, 89);
insert into student_grade (id, id_student, id_grade) values (55, 15, 44);
insert into student_grade (id, id_student, id_grade) values (56, 63, 11);
insert into student_grade (id, id_student, id_grade) values (57, 85, 41);
insert into student_grade (id, id_student, id_grade) values (58, 95, 74);
insert into student_grade (id, id_student, id_grade) values (59, 54, 7);
insert into student_grade (id, id_student, id_grade) values (60, 10, 49);
insert into student_grade (id, id_student, id_grade) values (61, 52, 32);
insert into student_grade (id, id_student, id_grade) values (62, 40, 37);
insert into student_grade (id, id_student, id_grade) values (63, 85, 97);
insert into student_grade (id, id_student, id_grade) values (64, 48, 79);
insert into student_grade (id, id_student, id_grade) values (65, 81, 23);
insert into student_grade (id, id_student, id_grade) values (66, 10, 96);
insert into student_grade (id, id_student, id_grade) values (67, 5, 46);
insert into student_grade (id, id_student, id_grade) values (68, 89, 67);
insert into student_grade (id, id_student, id_grade) values (69, 95, 72);
insert into student_grade (id, id_student, id_grade) values (70, 46, 54);
insert into student_grade (id, id_student, id_grade) values (71, 84, 60);
insert into student_grade (id, id_student, id_grade) values (72, 44, 22);
insert into student_grade (id, id_student, id_grade) values (73, 32, 89);
insert into student_grade (id, id_student, id_grade) values (74, 39, 98);
insert into student_grade (id, id_student, id_grade) values (75, 35, 13);
insert into student_grade (id, id_student, id_grade) values (76, 85, 88);
insert into student_grade (id, id_student, id_grade) values (77, 2, 56);
insert into student_grade (id, id_student, id_grade) values (78, 96, 3);
insert into student_grade (id, id_student, id_grade) values (79, 73, 92);
insert into student_grade (id, id_student, id_grade) values (80, 37, 91);
insert into student_grade (id, id_student, id_grade) values (81, 11, 36);
insert into student_grade (id, id_student, id_grade) values (82, 46, 66);
insert into student_grade (id, id_student, id_grade) values (83, 11, 95);
insert into student_grade (id, id_student, id_grade) values (84, 82, 4);
insert into student_grade (id, id_student, id_grade) values (85, 89, 67);
insert into student_grade (id, id_student, id_grade) values (86, 23, 69);
insert into student_grade (id, id_student, id_grade) values (87, 93, 78);
insert into student_grade (id, id_student, id_grade) values (88, 3, 86);
insert into student_grade (id, id_student, id_grade) values (89, 45, 56);
insert into student_grade (id, id_student, id_grade) values (90, 83, 42);
insert into student_grade (id, id_student, id_grade) values (91, 49, 95);
insert into student_grade (id, id_student, id_grade) values (92, 9, 41);
insert into student_grade (id, id_student, id_grade) values (93, 47, 17);
insert into student_grade (id, id_student, id_grade) values (94, 71, 64);
insert into student_grade (id, id_student, id_grade) values (95, 9, 28);
insert into student_grade (id, id_student, id_grade) values (96, 5, 72);
insert into student_grade (id, id_student, id_grade) values (97, 56, 14);
insert into student_grade (id, id_student, id_grade) values (98, 20, 84);
insert into student_grade (id, id_student, id_grade) values (99, 46, 46);
insert into student_grade (id, id_student, id_grade) values (100, 14, 83);

insert into parent (id, first_name, surname, id_student, tell_number, mobile_phone, mail) values (1, 'Berte', 'Tull', 90, 331360078, 646807421, 'btull0@cbsnews.com');
insert into parent (id, first_name, surname, id_student, tell_number, mobile_phone, mail) values (2, 'Bari', 'Jankovsky', 50, 226581121, 664933576, 'bjankovsky1@i2i.jp');
insert into parent (id, first_name, surname, id_student, tell_number, mobile_phone, mail) values (3, 'Blane', 'Moodey', 37, 323730009, 478898757, 'bmoodey2@bloglines.com');
insert into parent (id, first_name, surname, id_student, tell_number, mobile_phone, mail) values (4, 'Clerissa', 'Wakeley', 47, 502986496, 577638433, 'cwakeley3@hostgator.com');
insert into parent (id, first_name, surname, id_student, tell_number, mobile_phone, mail) values (5, 'Grant', 'Geggie', 83, 844607808, 270432778, 'ggeggie4@businessweek.com');
insert into parent (id, first_name, surname, id_student, tell_number, mobile_phone, mail) values (6, 'Nathalia', 'Grunwall', 66, 255263932, 888683256, 'ngrunwall5@dmoz.org');
insert into parent (id, first_name, surname, id_student, tell_number, mobile_phone, mail) values (7, 'Zitella', 'Gumbrell', 52, 882616093, 521273702, 'zgumbrell6@google.nl');
insert into parent (id, first_name, surname, id_student, tell_number, mobile_phone, mail) values (8, 'Cariotta', 'Trytsman', 47, 556425582, 814969422, 'ctrytsman7@mlb.com');
insert into parent (id, first_name, surname, id_student, tell_number, mobile_phone, mail) values (9, 'Wilburt', 'Rivalland', 59, 103973141, 727584966, 'wrivalland8@jalbum.net');
insert into parent (id, first_name, surname, id_student, tell_number, mobile_phone, mail) values (10, 'Gardener', 'Sammars', 63, 103571949, 858468006, 'gsammars9@timesonline.co.uk');
insert into parent (id, first_name, surname, id_student, tell_number, mobile_phone, mail) values (11, 'Russell', 'De Domenico', 62, 839150426, 261121029, 'rdedomenicoa@sourceforge.net');
insert into parent (id, first_name, surname, id_student, tell_number, mobile_phone, mail) values (12, 'Matty', 'Varga', 75, 201477366, 563756723, 'mvargab@clickbank.net');
insert into parent (id, first_name, surname, id_student, tell_number, mobile_phone, mail) values (13, 'Lauren', 'Lamba', 100, 264297716, 348685005, 'llambac@skyrock.com');
insert into parent (id, first_name, surname, id_student, tell_number, mobile_phone, mail) values (14, 'Anabal', 'Fomichkin', 76, 989452467, 992260839, 'afomichkind@usnews.com');
insert into parent (id, first_name, surname, id_student, tell_number, mobile_phone, mail) values (15, 'Cinda', 'Ranner', 42, 830850224, 335164725, 'crannere@berkeley.edu');
insert into parent (id, first_name, surname, id_student, tell_number, mobile_phone, mail) values (16, 'Zacharia', 'Symcock', 97, 258148777, 799510178, 'zsymcockf@wiley.com');
insert into parent (id, first_name, surname, id_student, tell_number, mobile_phone, mail) values (17, 'Darrel', 'Weiss', 80, 364986032, 466012912, 'dweissg@wikispaces.com');
insert into parent (id, first_name, surname, id_student, tell_number, mobile_phone, mail) values (18, 'Mortie', 'Van den Velde', 96, 557416074, 225472153, 'mvandenveldeh@mayoclinic.com');
insert into parent (id, first_name, surname, id_student, tell_number, mobile_phone, mail) values (19, 'Alonso', 'Mesnard', 75, 314420511, 324504560, 'amesnardi@newsvine.com');
insert into parent (id, first_name, surname, id_student, tell_number, mobile_phone, mail) values (20, 'Shandie', 'Rickman', 65, 916928285, 622884632, 'srickmanj@cyberchimps.com');
insert into parent (id, first_name, surname, id_student, tell_number, mobile_phone, mail) values (21, 'Ritchie', 'Yarrow', 36, 221042225, 184679025, 'ryarrowk@un.org');
insert into parent (id, first_name, surname, id_student, tell_number, mobile_phone, mail) values (22, 'Baron', 'Yele', 58, 501829014, 454879652, 'byelel@dagondesign.com');
insert into parent (id, first_name, surname, id_student, tell_number, mobile_phone, mail) values (23, 'Reinhold', 'Bulbrook', 23, 339968417, 197339563, 'rbulbrookm@oaic.gov.au');
insert into parent (id, first_name, surname, id_student, tell_number, mobile_phone, mail) values (24, 'Joella', 'Bummfrey', 31, 904851013, 405697748, 'jbummfreyn@weather.com');
insert into parent (id, first_name, surname, id_student, tell_number, mobile_phone, mail) values (25, 'Dallas', 'Greason', 35, 696007242, 402803207, 'dgreasono@ft.com');
insert into parent (id, first_name, surname, id_student, tell_number, mobile_phone, mail) values (26, 'Winne', 'Allderidge', 75, 962459056, 223735175, 'wallderidgep@wikispaces.com');
insert into parent (id, first_name, surname, id_student, tell_number, mobile_phone, mail) values (27, 'Byram', 'Mosedill', 5, 511264292, 242346244, 'bmosedillq@constantcontact.com');
insert into parent (id, first_name, surname, id_student, tell_number, mobile_phone, mail) values (28, 'Rockie', 'Stringfellow', 60, 528057044, 860528808, 'rstringfellowr@baidu.com');
insert into parent (id, first_name, surname, id_student, tell_number, mobile_phone, mail) values (29, 'Frances', 'Garrett', 5, 939527365, 938728769, 'fgarretts@wisc.edu');
insert into parent (id, first_name, surname, id_student, tell_number, mobile_phone, mail) values (30, 'Marylynne', 'Biagi', 94, 602677547, 770668143, 'mbiagit@hp.com');
insert into parent (id, first_name, surname, id_student, tell_number, mobile_phone, mail) values (31, 'Burton', 'Scalera', 59, 770380613, 881443952, 'bscalerau@github.com');
insert into parent (id, first_name, surname, id_student, tell_number, mobile_phone, mail) values (32, 'Nance', 'Brimman', 46, 525394529, 853215354, 'nbrimmanv@histats.com');
insert into parent (id, first_name, surname, id_student, tell_number, mobile_phone, mail) values (33, 'Sterne', 'Caillou', 84, 429028671, 978309690, 'scaillouw@ebay.co.uk');
insert into parent (id, first_name, surname, id_student, tell_number, mobile_phone, mail) values (34, 'Loralee', 'Kinastan', 4, 550899844, 592110769, 'lkinastanx@1688.com');
insert into parent (id, first_name, surname, id_student, tell_number, mobile_phone, mail) values (35, 'Jeniffer', 'Carslake', 28, 197366906, 201854936, 'jcarslakey@bigcartel.com');
insert into parent (id, first_name, surname, id_student, tell_number, mobile_phone, mail) values (36, 'Lynnelle', 'Kilmurray', 20, 421201963, 745434537, 'lkilmurrayz@ucla.edu');
insert into parent (id, first_name, surname, id_student, tell_number, mobile_phone, mail) values (37, 'Wye', 'Wane', 81, 158890809, 912484373, 'wwane10@apache.org');
insert into parent (id, first_name, surname, id_student, tell_number, mobile_phone, mail) values (38, 'Valencia', 'Hardaker', 76, 232793906, 907387719, 'vhardaker11@typepad.com');
insert into parent (id, first_name, surname, id_student, tell_number, mobile_phone, mail) values (39, 'Aeriel', 'Kensy', 69, 115711803, 771989736, 'akensy12@va.gov');
insert into parent (id, first_name, surname, id_student, tell_number, mobile_phone, mail) values (40, 'Ginnie', 'Lynock', 78, 525175335, 277256263, 'glynock13@cargocollective.com');
insert into parent (id, first_name, surname, id_student, tell_number, mobile_phone, mail) values (41, 'Ranna', 'Cassella', 61, 310907469, 778406511, 'rcassella14@csmonitor.com');
insert into parent (id, first_name, surname, id_student, tell_number, mobile_phone, mail) values (42, 'Jeremias', 'Nichols', 64, 822037609, 314530664, 'jnichols15@live.com');
insert into parent (id, first_name, surname, id_student, tell_number, mobile_phone, mail) values (43, 'Jory', 'Corder', 41, 576610000, 903496619, 'jcorder16@springer.com');
insert into parent (id, first_name, surname, id_student, tell_number, mobile_phone, mail) values (44, 'Reginauld', 'Lambdin', 12, 808003956, 187325271, 'rlambdin17@ustream.tv');
insert into parent (id, first_name, surname, id_student, tell_number, mobile_phone, mail) values (45, 'Veda', 'Buist', 36, 362695594, 446223783, 'vbuist18@miibeian.gov.cn');
insert into parent (id, first_name, surname, id_student, tell_number, mobile_phone, mail) values (46, 'Melissa', 'Kennler', 91, 560547318, 762337317, 'mkennler19@alexa.com');
insert into parent (id, first_name, surname, id_student, tell_number, mobile_phone, mail) values (47, 'Gilbert', 'Lawleff', 7, 461767071, 457115455, 'glawleff1a@gnu.org');
insert into parent (id, first_name, surname, id_student, tell_number, mobile_phone, mail) values (48, 'Dur', 'Murford', 59, 784408826, 752977872, 'dmurford1b@army.mil');
insert into parent (id, first_name, surname, id_student, tell_number, mobile_phone, mail) values (49, 'Lilian', 'Klimas', 75, 604562166, 757324255, 'lklimas1c@amazon.co.uk');
insert into parent (id, first_name, surname, id_student, tell_number, mobile_phone, mail) values (50, 'Genevra', 'Mossdale', 26, 280188714, 873839844, 'gmossdale1d@ehow.com');
insert into parent (id, first_name, surname, id_student, tell_number, mobile_phone, mail) values (51, 'Meridith', 'Gerrell', 67, 668720009, 780332468, 'mgerrell1e@google.it');
insert into parent (id, first_name, surname, id_student, tell_number, mobile_phone, mail) values (52, 'Jesus', 'Ick', 1, 454519926, 700213763, 'jick1f@qq.com');
insert into parent (id, first_name, surname, id_student, tell_number, mobile_phone, mail) values (53, 'Elladine', 'Axelby', 2, 402119693, 261556264, 'eaxelby1g@sakura.ne.jp');
insert into parent (id, first_name, surname, id_student, tell_number, mobile_phone, mail) values (54, 'Perla', 'Beal', 58, 153298467, 519184832, 'pbeal1h@about.me');
insert into parent (id, first_name, surname, id_student, tell_number, mobile_phone, mail) values (55, 'Celle', 'Cocher', 57, 846270984, 700814084, 'ccocher1i@washington.edu');
insert into parent (id, first_name, surname, id_student, tell_number, mobile_phone, mail) values (56, 'Alida', 'Pattini', 7, 575650358, 547032323, 'apattini1j@bloglines.com');
insert into parent (id, first_name, surname, id_student, tell_number, mobile_phone, mail) values (57, 'Donnamarie', 'Stoppard', 96, 586950610, 533665975, 'dstoppard1k@berkeley.edu');
insert into parent (id, first_name, surname, id_student, tell_number, mobile_phone, mail) values (58, 'Danita', 'Yeates', 9, 359483029, 254575219, 'dyeates1l@nymag.com');
insert into parent (id, first_name, surname, id_student, tell_number, mobile_phone, mail) values (59, 'Cookie', 'Hanna', 96, 467848926, 739263879, 'channa1m@youtube.com');
insert into parent (id, first_name, surname, id_student, tell_number, mobile_phone, mail) values (60, 'Coletta', 'Finlayson', 57, 956863544, 948342533, 'cfinlayson1n@admin.ch');
insert into parent (id, first_name, surname, id_student, tell_number, mobile_phone, mail) values (61, 'Tisha', 'Quadling', 22, 582777056, 911180816, 'tquadling1o@reddit.com');
insert into parent (id, first_name, surname, id_student, tell_number, mobile_phone, mail) values (62, 'Cairistiona', 'Gouch', 27, 915376014, 957521198, 'cgouch1p@guardian.co.uk');
insert into parent (id, first_name, surname, id_student, tell_number, mobile_phone, mail) values (63, 'Elisabet', 'Abson', 86, 986061908, 394038029, 'eabson1q@lycos.com');
insert into parent (id, first_name, surname, id_student, tell_number, mobile_phone, mail) values (64, 'Hartwell', 'Stegers', 57, 669844448, 783972984, 'hstegers1r@dropbox.com');
insert into parent (id, first_name, surname, id_student, tell_number, mobile_phone, mail) values (65, 'Matthus', 'Thewles', 79, 640241738, 577831202, 'mthewles1s@yale.edu');
insert into parent (id, first_name, surname, id_student, tell_number, mobile_phone, mail) values (66, 'Florida', 'Arkell', 57, 414597308, 391458706, 'farkell1t@weibo.com');
insert into parent (id, first_name, surname, id_student, tell_number, mobile_phone, mail) values (67, 'Siobhan', 'Leynagh', 89, 838730452, 637054311, 'sleynagh1u@twitter.com');
insert into parent (id, first_name, surname, id_student, tell_number, mobile_phone, mail) values (68, 'Ellene', 'Brock', 64, 752901008, 874258275, 'ebrock1v@psu.edu');
insert into parent (id, first_name, surname, id_student, tell_number, mobile_phone, mail) values (69, 'Rene', 'Tevelov', 4, 546115043, 195976668, 'rtevelov1w@freewebs.com');
insert into parent (id, first_name, surname, id_student, tell_number, mobile_phone, mail) values (70, 'Waylan', 'Tiernan', 75, 280745185, 432084235, 'wtiernan1x@ucla.edu');
insert into parent (id, first_name, surname, id_student, tell_number, mobile_phone, mail) values (71, 'Ricki', 'Klus', 32, 155261394, 646219431, 'rklus1y@topsy.com');
insert into parent (id, first_name, surname, id_student, tell_number, mobile_phone, mail) values (72, 'Noel', 'Storek', 58, 986943026, 720869688, 'nstorek1z@tuttocitta.it');
insert into parent (id, first_name, surname, id_student, tell_number, mobile_phone, mail) values (73, 'Winne', 'Wardesworth', 16, 623809172, 558343261, 'wwardesworth20@google.com.br');
insert into parent (id, first_name, surname, id_student, tell_number, mobile_phone, mail) values (74, 'Peirce', 'Bentall', 93, 574015449, 454483745, 'pbentall21@drupal.org');
insert into parent (id, first_name, surname, id_student, tell_number, mobile_phone, mail) values (75, 'Lanae', 'Pridmore', 10, 297104372, 310944510, 'lpridmore22@google.fr');
insert into parent (id, first_name, surname, id_student, tell_number, mobile_phone, mail) values (76, 'Rebeca', 'Fellgate', 6, 452092211, 367264735, 'rfellgate23@comsenz.com');
insert into parent (id, first_name, surname, id_student, tell_number, mobile_phone, mail) values (77, 'Tad', 'Canti', 67, 325417255, 825385740, 'tcanti24@cloudflare.com');
insert into parent (id, first_name, surname, id_student, tell_number, mobile_phone, mail) values (78, 'Reiko', 'Dilleway', 9, 921559496, 400417140, 'rdilleway25@google.it');
insert into parent (id, first_name, surname, id_student, tell_number, mobile_phone, mail) values (79, 'Marillin', 'Goddman', 96, 234897791, 896171627, 'mgoddman26@dailymail.co.uk');
insert into parent (id, first_name, surname, id_student, tell_number, mobile_phone, mail) values (80, 'Jody', 'Ceaser', 13, 811488959, 170600462, 'jceaser27@drupal.org');
insert into parent (id, first_name, surname, id_student, tell_number, mobile_phone, mail) values (81, 'Jannel', 'Bragger', 25, 802386740, 318620964, 'jbragger28@technorati.com');
insert into parent (id, first_name, surname, id_student, tell_number, mobile_phone, mail) values (82, 'Thatcher', 'Pigford', 45, 928542886, 171108594, 'tpigford29@ucsd.edu');
insert into parent (id, first_name, surname, id_student, tell_number, mobile_phone, mail) values (83, 'Randolph', 'Kewley', 31, 769156603, 790393432, 'rkewley2a@google.ca');
insert into parent (id, first_name, surname, id_student, tell_number, mobile_phone, mail) values (84, 'Avivah', 'Stirley', 62, 982057375, 514079952, 'astirley2b@freewebs.com');
insert into parent (id, first_name, surname, id_student, tell_number, mobile_phone, mail) values (85, 'Abby', 'Ledner', 80, 854141090, 955588053, 'aledner2c@netscape.com');
insert into parent (id, first_name, surname, id_student, tell_number, mobile_phone, mail) values (86, 'Son', 'Runchman', 62, 661032241, 888865679, 'srunchman2d@hexun.com');
insert into parent (id, first_name, surname, id_student, tell_number, mobile_phone, mail) values (87, 'Stephanus', 'Grieg', 95, 767568934, 577769518, 'sgrieg2e@istockphoto.com');
insert into parent (id, first_name, surname, id_student, tell_number, mobile_phone, mail) values (88, 'Stacia', 'Pinnell', 8, 476881780, 375076211, 'spinnell2f@dagondesign.com');
insert into parent (id, first_name, surname, id_student, tell_number, mobile_phone, mail) values (89, 'Dorolice', 'Tuffs', 4, 679198944, 474810063, 'dtuffs2g@berkeley.edu');
insert into parent (id, first_name, surname, id_student, tell_number, mobile_phone, mail) values (90, 'Dud', 'Stolze', 2, 102042052, 920461590, 'dstolze2h@a8.net');
insert into parent (id, first_name, surname, id_student, tell_number, mobile_phone, mail) values (91, 'Bria', 'Birchett', 59, 891641584, 333613419, 'bbirchett2i@geocities.jp');
insert into parent (id, first_name, surname, id_student, tell_number, mobile_phone, mail) values (92, 'Peggi', 'Dany', 62, 807723518, 495873791, 'pdany2j@usa.gov');
insert into parent (id, first_name, surname, id_student, tell_number, mobile_phone, mail) values (93, 'Larisa', 'Creane', 33, 523640183, 258931722, 'lcreane2k@pcworld.com');
insert into parent (id, first_name, surname, id_student, tell_number, mobile_phone, mail) values (94, 'Hymie', 'Halloran', 45, 406017540, 136607238, 'hhalloran2l@dagondesign.com');
insert into parent (id, first_name, surname, id_student, tell_number, mobile_phone, mail) values (95, 'Rubi', 'Larmet', 33, 975406957, 744109618, 'rlarmet2m@tinypic.com');
insert into parent (id, first_name, surname, id_student, tell_number, mobile_phone, mail) values (96, 'Rafael', 'Ringer', 35, 304816587, 113651159, 'rringer2n@timesonline.co.uk');
insert into parent (id, first_name, surname, id_student, tell_number, mobile_phone, mail) values (97, 'Bartlett', 'Scullard', 6, 149452484, 929012125, 'bscullard2o@cdc.gov');
insert into parent (id, first_name, surname, id_student, tell_number, mobile_phone, mail) values (98, 'Marty', 'Williams', 87, 268311145, 610062271, 'mwilliams2p@guardian.co.uk');
insert into parent (id, first_name, surname, id_student, tell_number, mobile_phone, mail) values (99, 'Phebe', 'Salatino', 8, 833753479, 837430396, 'psalatino2q@admin.ch');
insert into parent (id, first_name, surname, id_student, tell_number, mobile_phone, mail) values (100, 'Hamlen', 'Damarell', 21, 264853393, 102269551, 'hdamarell2r@arizona.edu');